Time (s),Sprung Accel (m/s^2),Unsprung Accel (m/s^2), Spring Force (N), Damper Force (N), Tire force(N)
0.000000,0.000000,28.339305,-0.000000,-0.000000,-1329.952395
0.010000,1.638046,11.430311,-32.677353,-458.736468,-1084.586181
0.020000,2.050481,-1.157869,-94.190931,-520.953441,-629.924032
0.030000,1.659964,-7.535258,-147.089528,-350.899779,-198.273525
0.040000,0.937138,-8.726275,-173.849295,-107.292245,99.904522
0.050000,0.235178,-6.744745,-172.916019,102.362580,240.813572
0.060000,-0.259456,-3.648020,-151.863112,229.699967,259.020755
0.070000,-0.510037,-0.944501,-120.916119,273.927190,213.601867
0.080000,-0.581988,0.511069,-88.423203,263.019636,167.053103
0.090000,-0.568226,0.922182,-58.891931,229.359874,141.195147
0.100000,-0.532119,0.822441,-33.651643,193.287326,132.270220
0.110000,-0.507200,0.455156,-12.324740,164.484751,140.052355
0.120000,-0.515596,-0.118013,6.322687,148.356064,168.980854
0.130000,-0.564507,-0.638112,23.897777,145.454338,209.225311
0.140000,-0.632796,-0.737790,41.573455,148.265320,236.395137
0.150000,-0.682035,-0.370655,59.304312,145.306168,235.423146
0.160000,-0.687924,0.118467,75.937297,130.439876,214.386586
0.170000,-0.654738,0.409551,90.149367,106.271941,189.781309
0.180000,-0.599183,0.509281,101.193418,78.561481,166.905872
0.190000,-0.530580,0.578105,108.864980,50.309031,141.335979
0.200000,-0.450690,0.653198,113.140253,22.066629,111.887051
0.210000,-0.362081,0.690856,114.058808,-5.434380,81.438946
0.220000,-0.266443,0.743784,111.743239,-31.810442,48.048327
0.230000,-0.159901,0.884255,106.261701,-58.291550,6.992249
0.240000,-0.041483,0.995085,97.563890,-85.118878,-36.582385
0.250000,0.074208,0.850485,85.837078,-108.099616,-67.218413
0.260000,0.162845,0.434076,71.955208,-120.808792,-76.048504
0.270000,0.211344,-0.005693,57.359220,-120.762281,-70.421651
0.280000,0.226106,-0.267979,43.408637,-111.240368,-61.972743
0.290000,0.220148,-0.387411,30.932143,-96.976522,-53.470661
0.300000,0.201858,-0.445468,20.299748,-80.857083,-43.906316
0.310000,0.178251,-0.415293,11.598631,-65.074026,-36.879345
0.320000,0.155728,-0.334922,4.668368,-51.386802,-32.726361
0.330000,0.129077,-0.413079,-0.668194,-38.055009,-19.880100
0.340000,0.081282,-0.724202,-4.153860,-20.230653,10.865718
0.350000,0.007966,-0.946594,-5.145960,2.756148,45.872637
0.360000,-0.062999,-0.676157,-3.498594,22.398371,56.844481
0.370000,-0.088515,0.067387,-0.376691,26.931131,30.321257
0.380000,-0.045623,0.873947,2.024564,11.662218,-22.048732
0.390000,0.055731,1.394761,1.588037,-18.307295,-80.480168
0.400000,0.185925,1.521374,-2.828462,-52.949000,-129.924890
0.410000,0.309150,1.238401,-11.105275,-81.639774,-157.689187
0.420000,0.392853,0.644359,-21.961622,-95.894423,-157.563973
0.430000,0.424706,0.083232,-33.483359,-93.928497,-141.658567
0.440000,0.422414,-0.107861,-44.101710,-82.622364,-131.803489
0.450000,0.412905,-0.023763,-53.266592,-70.604984,-132.595652
0.460000,0.401515,-0.049837,-61.059776,-59.394762,-127.722438
0.470000,0.374614,-0.276988,-67.339640,-45.044605,-108.338464
0.480000,0.329136,-0.414162,-71.645547,-27.095339,-87.078521
0.490000,0.279812,-0.325951,-73.815083,-10.128558,-75.226956
0.500000,0.235809,-0.239273,-74.164137,3.421326,-65.177397
0.510000,0.191421,-0.284390,-72.996827,15.570576,-48.872939
0.520000,0.145930,-0.254287,-70.422874,26.643801,-35.769711
0.530000,0.111909,-0.037394,-66.773314,33.200649,-35.294155
0.540000,0.093534,0.105432,-62.678804,34.618515,-36.570315
0.550000,0.075362,-0.020766,-58.472345,35.863749,-25.250599
0.560000,0.045813,-0.175970,-53.921958,40.177939,-8.723436
0.570000,0.016267,-0.074066,-48.838983,43.958878,-4.237808
0.580000,0.003358,0.163365,-43.606890,42.599579,-11.648204
0.590000,0.007115,0.286089,-38.849839,36.715253,-19.194670
0.600000,0.021532,0.368779,-34.957523,28.497813,-28.354573
0.610000,0.052218,0.596148,-32.264576,16.599283,-49.672018
0.620000,0.104609,0.822039,-31.311244,-0.071337,-78.100758
0.630000,0.164615,0.763829,-32.429155,-16.955202,-95.653142
0.640000,0.209813,0.480839,-35.224927,-27.719075,-97.626445
0.650000,0.233173,0.249925,-38.832115,-31.119838,-94.705432
0.660000,0.239022,0.086197,-42.494690,-29.211886,-89.089745
0.670000,0.223214,-0.202164,-45.569682,-21.394374,-70.414049
0.680000,0.176360,-0.576532,-47.211470,-5.696404,-37.371229
0.690000,0.101551,-0.814527,-46.547202,16.081963,-1.457210
0.700000,0.009290,-0.945365,-43.084933,40.297894,35.176053
0.710000,-0.101846,-1.198470,-36.561468,67.115140,83.786571
0.720000,-0.238524,-1.505080,-26.548920,98.106114,143.393649
0.730000,-0.386282,-1.489030,-12.773717,128.658379,191.512488
0.740000,-0.510756,-1.046767,4.107901,149.118784,211.815895
0.750000,-0.591275,-0.551089,22.516404,154.866058,214.957703
0.760000,-0.638191,-0.344604,40.918927,150.538400,220.564499
0.770000,-0.672220,-0.356087,58.565490,143.100518,232.272865
0.780000,-0.700575,-0.348276,75.275859,134.896750,241.367416
0.790000,-0.717346,-0.231669,90.870876,124.332991,241.662403
0.800000,-0.711817,0.020176,104.892985,108.652159,228.329743
0.810000,-0.669277,0.465006,116.505433,84.277534,193.743535
0.820000,-0.577833,0.998902,124.490707,48.859059,138.819033
0.830000,-0.444974,1.311126,127.682754,5.809433,80.665567
0.840000,-0.298366,1.244995,125.694307,-36.184534,35.888725
0.850000,-0.161826,1.018558,119.113763,-70.565980,2.173949
0.860000,-0.038503,0.893061,108.902230,-97.351402,-31.763877
0.870000,0.075037,0.795698,95.842657,-118.353797,-63.724894
0.880000,0.168031,0.486533,80.743116,-131.152322,-78.897467
0.890000,0.220866,-0.029224,64.888244,-131.148040,-71.018084
0.900000,0.227458,-0.479506,49.882187,-118.119654,-50.885533
0.910000,0.202808,-0.654683,36.960279,-97.802762,-33.412109
0.920000,0.169381,-0.583127,26.533494,-77.347807,-24.799382
0.930000,0.141433,-0.426166,18.331289,-60.761130,-22.223925
0.940000,0.119153,-0.351488,11.884967,-47.630968,-17.839259
0.950000,0.090842,-0.467757,6.998630,-34.251276,-2.596038
0.960000,0.042779,-0.723846,3.959208,-16.793019,25.711766
0.970000,-0.024956,-0.873288,3.268735,4.218030,55.487553
0.980000,-0.090795,-0.673809,4.978251,22.260378,68.146027
0.990000,-0.124898,-0.157265,8.204418,29.265030,55.230308
1.000000,-0.112983,0.374259,11.388613,22.506282,26.204736
1.010000,-0.066560,0.633527,13.135421,6.832454,-1.532484
1.020000,-0.011140,0.575136,12.893049,-9.551019,-17.282442
1.030000,0.033302,0.365900,10.972507,-20.963114,-22.204250
1.040000,0.063771,0.231431,8.028247,-27.159451,-25.922799
1.050000,0.094191,0.338132,4.424578,-32.682021,-40.943013
1.060000,0.145834,0.695783,-0.147813,-43.602262,-74.851577
1.070000,0.229834,1.081053,-6.539983,-62.410072,-120.876630
1.080000,0.330929,1.130306,-15.428244,-83.850353,-156.821146
1.090000,0.409745,0.648640,-26.427613,-96.495849,-160.368343
1.100000,0.429123,-0.148526,-37.831679,-90.905288,-129.251564
1.110000,0.382821,-0.790830,-47.385375,-67.460841,-83.546693
1.120000,0.297444,-0.987472,-53.504453,-35.728860,-45.874595
1.130000,0.206595,-0.848413,-55.881123,-6.097438,-22.327844
1.140000,0.126019,-0.673740,-55.089382,17.283564,-4.047687
1.150000,0.051259,-0.647508,-51.785199,36.407601,19.155085
1.160000,-0.030333,-0.786519,-46.221940,55.321970,52.344748
1.170000,-0.129150,-1.022603,-38.222030,76.967125,95.821463
1.180000,-0.244894,-1.186540,-27.452755,100.921091,141.551904
1.190000,-0.359096,-1.042763,-13.948367,121.677192,172.311169
1.200000,-0.441801,-0.550359,1.392293,131.148063,176.192142
1.210000,-0.476137,-0.017026,16.934598,125.906576,162.058136
1.220000,-0.473385,0.225454,31.164177,110.851308,149.326966
1.230000,-0.455092,0.242378,43.374365,93.153356,142.179223
1.240000,-0.425910,0.344548,53.403324,74.369716,127.576821
1.250000,-0.377286,0.564866,60.977740,52.208090,101.097322
1.260000,-0.313401,0.616947,65.742456,28.277805,77.574267
1.270000,-0.253663,0.417409,67.835741,8.263288,67.399600
1.280000,-0.205370,0.286449,67.886769,-6.275683,57.943886
1.290000,-0.151994,0.460506,66.253516,-20.655397,32.533424
1.300000,-0.078910,0.706619,62.647870,-38.974929,-2.808439
1.310000,0.001686,0.653556,56.782696,-57.288360,-26.575002
1.320000,0.062558,0.291282,49.151884,-67.919337,-29.200007
1.330000,0.090233,-0.081007,40.919530,-67.989315,-20.267736
1.340000,0.094231,-0.227899,33.146190,-61.415521,-14.069049
1.350000,0.096043,-0.101641,26.200214,-55.013132,-20.064377
1.360000,0.115843,0.218596,19.681932,-54.434718,-41.280966
1.370000,0.159454,0.493696,12.786424,-60.622658,-68.413276
1.380000,0.208157,0.412572,5.036367,-67.483332,-80.565139
1.390000,0.230152,-0.035839,-3.067871,-65.977854,-66.578495
1.400000,0.213828,-0.418622,-10.295675,-53.852757,-42.927186
1.410000,0.184025,-0.331974,-15.829565,-39.377945,-36.919750
1.420000,0.175924,0.102140,-20.064272,-32.712875,-54.601867
1.430000,0.199201,0.442303,-24.133462,-35.626853,-78.445113
1.440000,0.236979,0.492327,-28.846300,-42.247395,-93.545064
1.450000,0.271260,0.396682,-34.269986,-47.108121,-100.646569
1.460000,0.295875,0.295498,-40.069677,-48.692920,-104.275874
1.470000,0.309857,0.187713,-45.857702,-47.099269,-104.077720
1.480000,0.312545,0.077976,-51.261948,-42.501576,-100.064126
1.490000,0.304300,-0.019139,-55.946750,-35.343117,-93.049366
1.500000,0.282454,-0.178947,-59.586715,-25.149454,-78.611299
1.510000,0.240971,-0.412834,-61.730523,-10.560648,-54.199262
1.520000,0.185229,-0.480511,-61.937918,6.369338,-32.898431
1.530000,0.140941,-0.161098,-60.373988,18.091775,-33.675318
1.540000,0.131466,0.313772,-58.091364,18.651625,-53.435768
1.550000,0.146429,0.432356,-56.250047,12.321416,-64.629334
1.560000,0.148891,0.064619,-54.979129,10.311787,-48.761070
1.570000,0.117760,-0.345080,-53.331006,18.002932,-19.652932
1.580000,0.070685,-0.347463,-50.453618,29.248038,-4.341705
1.590000,0.040275,-0.001704,-46.548211,34.465669,-10.970265
1.600000,0.038206,0.295257,-42.575856,31.113990,-24.778690
1.610000,0.047838,0.274801,-39.248222,24.896820,-27.548934
1.620000,0.042734,-0.039724,-36.404459,23.584405,-11.521056
1.630000,0.006592,-0.446094,-33.159243,31.181711,19.241642
1.640000,-0.056148,-0.676303,-28.540405,45.384891,50.635676
1.650000,-0.120274,-0.525391,-22.224657,58.306851,64.583355
1.660000,-0.154366,-0.042729,-14.936447,61.246108,52.906612
1.670000,-0.144457,0.442476,-8.114141,51.451376,26.437932
1.680000,-0.105506,0.599629,-2.981556,34.633268,5.754953
1.690000,-0.067356,0.399396,0.204895,20.002053,2.241435
1.700000,-0.049140,0.101504,2.084155,12.657976,10.081641
1.710000,-0.047191,-0.024909,3.458758,10.698650,15.369849
1.720000,-0.045237,0.060497,4.648122,8.922849,10.735950
1.730000,-0.034101,0.170585,5.474194,4.756017,1.889463
1.740000,-0.021746,0.097607,5.776112,0.747634,1.253985
1.750000,-0.024692,-0.166250,5.870891,1.536694,14.719795
1.760000,-0.049746,-0.410603,6.460456,8.463447,34.666424
1.770000,-0.084972,-0.418476,8.058518,17.433090,46.890171
1.780000,-0.108816,-0.172843,10.507061,22.137870,43.377540
1.790000,-0.106636,0.161386,13.029697,18.961183,26.995267
1.800000,-0.078635,0.407141,14.709030,8.881460,6.159920
1.810000,-0.036121,0.482581,14.956277,-4.119862,-11.477310
1.820000,0.006196,0.393060,13.709287,-15.568114,-21.244110
1.830000,0.036069,0.193692,11.375463,-22.196195,-21.648508
1.840000,0.046837,-0.040365,8.633414,-22.684496,-14.021338
1.850000,0.038111,-0.240949,6.195804,-17.629145,-1.464301
1.860000,0.014997,-0.354346,4.605672,-9.104864,11.769490
1.870000,-0.013676,-0.353658,4.099365,0.003581,21.454229
1.880000,-0.040375,-0.292916,4.596928,7.515628,27.611057
1.890000,-0.066220,-0.309994,5.915112,13.950949,37.103142
1.900000,-0.101294,-0.478513,8.103336,22.284933,56.772979
1.910000,-0.152579,-0.673369,11.524775,34.249028,83.084552
1.920000,-0.212415,-0.692480,16.485119,47.239332,103.982732
1.930000,-0.263406,-0.500786,22.790267,56.231556,112.008765
1.940000,-0.293448,-0.241435,29.744006,58.290454,109.860360
1.950000,-0.301923,-0.039193,36.530215,54.046568,103.224412
1.960000,-0.295260,0.064848,42.546324,46.031701,96.209677
1.970000,-0.283296,0.041792,47.539851,37.449027,93.474576
1.980000,-0.274601,-0.052613,51.611735,30.768568,95.263885
1.990000,-0.263996,0.021841,54.923413,24.275494,88.552396
2.000000,-0.228307,0.441027,57.104110,11.387912,57.320523
2.010000,-0.149608,0.952284,57.061551,-12.179142,7.447469
2.020000,-0.043995,1.057828,53.796029,-40.597417,-32.286034
2.030000,0.046705,0.635975,47.498573,-61.509923,-42.175387
2.040000,0.095273,0.100065,39.582414,-68.164388,-32.573310
2.050000,0.110045,-0.141345,31.576858,-64.590281,-25.526326
2.060000,0.115434,-0.093028,24.193217,-58.823501,-29.030794
2.070000,0.126085,0.030362,17.376637,-55.202006,-37.916790
2.080000,0.141159,0.071555,10.873230,-53.220823,-44.506763
2.090000,0.146465,-0.116833,4.730779,-48.670320,-37.122011
2.100000,0.118804,-0.595973,-0.348445,-35.292708,-5.134710
2.110000,0.048527,-1.035619,-3.134569,-11.423547,39.152622
2.120000,-0.034512,-0.892543,-2.891705,13.245243,60.223188
2.130000,-0.077992,-0.152404,-0.478149,23.875779,39.915859
2.140000,-0.061964,0.492737,2.038992,16.550218,4.121433
2.150000,-0.019465,0.504508,3.139334,2.700207,-10.748091
2.160000,0.007405,0.144517,2.895344,-5.116814,-2.862633
2.170000,0.010373,-0.077725,2.225844,-5.337886,6.591972
2.180000,0.000560,-0.162682,1.787071,-1.955077,13.876047
2.190000,-0.021860,-0.343608,1.943672,4.614401,29.863655
2.200000,-0.056618,-0.442343,3.081444,13.903874,46.093034
2.210000,-0.080376,-0.131370,5.139232,18.973452,39.377316
2.220000,-0.066954,0.381729,7.128594,12.957514,10.724891
2.230000,-0.023743,0.567833,7.840794,-0.717880,-12.504344
2.240000,0.018464,0.372919,6.960635,-12.499815,-17.444073
2.250000,0.046269,0.212073,5.016087,-18.896923,-19.115483
2.260000,0.069325,0.237597,2.465938,-23.263291,-27.932131
2.270000,0.092499,0.226222,-0.586956,-27.162800,-35.059769
2.280000,0.112931,0.188996,-4.035989,-29.843350,-40.065512
2.290000,0.143052,0.428302,-7.918231,-34.997260,-61.311464
2.300000,0.202158,0.843797,-12.881566,-47.765813,-100.538670
2.310000,0.275520,0.816273,-19.624405,-63.031719,-123.727944
2.320000,0.311646,0.090565,-27.536047,-65.957643,-101.671922
2.330000,0.278413,-0.718288,-34.532782,-48.991251,-52.555162
2.340000,0.203314,-0.871288,-38.740033,-22.254238,-20.348797
2.350000,0.141170,-0.413272,-40.057537,-2.293403,-21.317740
2.360000,0.115174,0.015284,-39.781471,5.229290,-33.105590
2.370000,0.104289,0.005908,-39.004248,7.717681,-29.425837
2.380000,0.076416,-0.330616,-37.692056,14.767230,-4.706551
2.390000,0.016996,-0.704819,-35.014985,29.916094,32.322399
2.400000,-0.066443,-0.889020,-30.155281,50.088297,68.429333
2.410000,-0.147375,-0.683883,-22.993247,67.205619,85.374920
2.420000,-0.187278,-0.016452,-14.562065,70.745406,66.877284
2.430000,-0.158589,0.819915,-6.947743,54.524476,17.554562
2.440000,-0.073085,1.252724,-2.267557,24.192908,-31.696446
2.450000,0.018197,0.949481,-1.245438,-4.213802,-48.147752
2.460000,0.064699,0.211780,-2.693616,-16.716209,-29.075789
2.470000,0.059977,-0.276638,-4.581231,-13.411801,-4.512661
2.480000,0.043076,-0.130815,-5.766381,-7.156474,-5.674052
2.490000,0.055956,0.380137,-6.724425,-10.062488,-33.980348
2.500000,0.103822,0.696350,-8.680884,-22.465702,-64.850522
2.510000,0.158150,0.570655,-12.232771,-35.212266,-77.101053
2.520000,0.189139,0.188843,-16.845518,-39.896201,-69.489931
2.530000,0.186479,-0.182869,-21.375078,-34.568742,-51.108868
2.540000,0.156707,-0.410184,-24.785708,-22.226455,-30.494961
2.550000,0.117423,-0.383974,-26.585751,-8.641213,-18.683865
2.560000,0.094737,-0.030054,-27.096690,-1.324324,-27.887175
2.570000,0.109280,0.470300,-27.433042,-5.350965,-56.460872
2.580000,0.156582,0.743713,-28.859302,-18.115370,-85.328834
2.590000,0.210045,0.641019,-31.905011,-31.108628,-98.556022
2.600000,0.245601,0.348237,-36.126940,-37.553485,-96.830892
2.610000,0.251840,-0.009856,-40.556287,-34.995823,-82.232395
2.620000,0.216832,-0.540266,-43.976478,-21.073074,-45.789147
2.630000,0.128019,-1.175698,-44.862502,6.456802,13.498818
2.640000,-0.002034,-1.462919,-41.826924,42.437134,70.112558
2.650000,-0.126575,-1.075502,-34.708491,72.681089,93.078850
2.660000,-0.198981,-0.296290,-25.050999,84.745426,80.131664
2.670000,-0.210793,0.302259,-15.160248,78.398276,55.416504
2.680000,-0.188894,0.456327,-6.673378,63.341580,40.401810
2.690000,-0.166838,0.262251,0.051485,49.999863,41.824357
2.700000,-0.166411,-0.092418,5.636033,44.287406,58.148572
2.710000,-0.190751,-0.365399,11.040722,46.184624,79.005580
2.720000,-0.221102,-0.304657,16.827411,49.503163,86.250511
2.730000,-0.231962,0.017272,22.680566,46.907981,74.748521
2.740000,-0.221814,0.157024,27.828676,38.715521,64.829223
2.750000,-0.217198,-0.108422,32.083728,33.075796,75.862601
2.760000,-0.236357,-0.422078,36.126663,34.780400,97.178347
2.770000,-0.265129,-0.395704,40.596087,38.942674,105.777859
2.780000,-0.281614,-0.184131,45.345161,39.139069,101.589525
2.790000,-0.285406,-0.116193,49.862330,35.759569,99.932408
2.800000,-0.283940,-0.094472,53.895097,31.286990,98.736826
2.810000,-0.267932,0.151480,57.196828,23.182863,82.202428
2.820000,-0.223321,0.507041,59.081466,7.914972,51.013010
2.830000,-0.154098,0.691224,58.763587,-12.534250,19.712966
2.840000,-0.072121,0.768852,55.883660,-34.247244,-10.766110
2.850000,0.020137,0.890383,50.368666,-56.409860,-46.676274
2.860000,0.112408,0.784217,42.307769,-76.030212,-71.853952
2.870000,0.169318,0.155728,32.581200,-83.376682,-60.666062
2.880000,0.163621,-0.589511,23.140789,-72.227064,-23.100992
2.890000,0.119625,-0.716772,15.760257,-51.647814,-1.863617
2.900000,0.092562,-0.192149,10.507076,-38.275558,-17.056174
2.910000,0.106950,0.301983,6.004926,-38.089786,-44.804007
2.920000,0.140628,0.339530,1.094006,-43.282353,-57.621158
2.930000,0.163099,0.101198,-4.248221,-44.681389,-53.759203
2.940000,0.159523,-0.215861,-9.289502,-38.567415,-37.526144
2.950000,0.120690,-0.645729,-13.018601,-23.188305,-4.271749
2.960000,0.043798,-1.034550,-14.310629,1.171104,39.688472
2.970000,-0.050391,-1.030027,-12.467512,27.584941,70.851140
2.980000,-0.127828,-0.651318,-7.878967,46.227440,78.737080
2.990000,-0.175367,-0.324994,-1.734518,54.344677,79.029161
3.000000,-0.205008,-0.231745,4.963952,56.538549,84.288057
3.010000,-0.224899,-0.139677,11.734588,55.734996,86.389066
3.020000,-0.230779,0.033174,18.174986,51.058645,80.073850
3.030000,-0.226069,0.068745,23.872385,43.948289,76.736567
3.040000,-0.221578,-0.009956,28.751997,37.721478,78.919421
3.050000,-0.209178,0.170332,32.829055,29.924372,66.370560
3.060000,-0.161832,0.701080,35.449465,13.100020,25.747220
3.070000,-0.069380,1.158671,35.335453,-14.521376,-26.438999
3.080000,0.044829,1.193181,31.630967,-45.079641,-65.923930
3.090000,0.147436,0.891202,24.624717,-68.855592,-85.624857
3.100000,0.215955,0.424500,15.520924,-80.307359,-86.138723
3.110000,0.236944,-0.151240,5.966308,-77.049650,-65.657344
3.120000,0.210971,-0.599565,-2.346396,-60.944774,-35.540839
3.130000,0.166310,-0.553894,-8.416623,-41.476432,-22.507649
3.140000,0.142441,-0.093638,-12.595296,-30.136937,-36.038651
3.150000,0.148603,0.208238,-16.066430,-28.514434,-52.278407
3.160000,0.156077,0.026080,-19.461204,-27.361892,-46.277007
3.170000,0.135746,-0.375776,-22.258036,-18.465864,-20.692358
3.180000,0.082845,-0.693297,-23.442952,-1.410489,11.770084
3.190000,0.002960,-0.955153,-22.199631,21.311665,50.561899
3.200000,-0.097978,-1.142058,-17.991420,47.384754,92.788202
3.210000,-0.199618,-0.984312,-10.763117,70.648517,118.990139
3.220000,-0.269076,-0.447765,-1.424032,82.146870,116.598533
3.230000,-0.292652,0.039708,8.374273,79.421188,101.184249
3.240000,-0.288780,0.159961,17.305194,69.328730,93.920376
3.250000,-0.279200,0.111829,24.964999,58.794927,92.776871
3.260000,-0.264273,0.192099,31.360495,47.921493,83.934765
3.270000,-0.234465,0.373549,36.274842,34.064678,65.469769
3.280000,-0.186386,0.548438,39.290398,16.625391,41.304347
3.290000,-0.117905,0.775206,39.972826,-4.601238,7.981867
3.300000,-0.026936,1.010145,37.847956,-29.767038,-33.148113
3.310000,0.073876,0.990664,32.655141,-54.817893,-65.535391
3.320000,0.159198,0.670972,24.859699,-72.619217,-78.579844
3.330000,0.219262,0.413378,15.519868,-81.298337,-86.073871
3.340000,0.270796,0.474385,5.405735,-86.644553,-105.712654
3.350000,0.330042,0.630957,-5.439510,-93.573200,-132.485560
3.360000,0.389067,0.554329,-17.106506,-99.613627,-148.304816
3.370000,0.426480,0.229799,-29.108377,-98.835651,-145.331640
3.380000,0.427069,-0.196976,-40.372837,-87.747826,-125.344934
3.390000,0.385020,-0.646501,-49.614856,-65.891087,-90.171044
3.400000,0.304468,-0.984626,-55.668891,-35.671621,-47.521953
3.410000,0.204493,-1.023057,-57.903789,-3.444139,-12.630843
3.420000,0.108912,-0.826790,-56.535934,23.862395,9.606632
3.430000,0.024726,-0.699429,-52.299714,44.881789,31.152716
3.440000,-0.057301,-0.735443,-45.753142,62.943347,59.588739
3.450000,-0.139917,-0.720836,-37.143625,79.118862,85.825030
3.460000,-0.211505,-0.525238,-26.873073,90.324620,99.880763
3.470000,-0.257152,-0.185967,-15.780538,92.926245,98.554355
3.480000,-0.258943,0.384032,-5.149690,82.832495,71.810413
3.490000,-0.193131,1.235140,3.160646,54.778534,9.391541
3.500000,-0.055745,1.927920,6.972463,9.750956,-69.343500
3.510000,0.111727,1.893040,5.023720,-38.541945,-123.748193
3.520000,0.253085,1.304469,-2.004150,-73.921456,-143.214346
3.530000,0.352388,0.873217,-12.241688,-93.474795,-155.884749
3.540000,0.425388,0.690612,-24.171616,-103.444745,-171.421284
3.550000,0.462086,0.143355,-36.633310,-101.992478,-157.752097
3.560000,0.426599,-0.825013,-47.692342,-80.287498,-100.274969
3.570000,0.322598,-1.362773,-54.980705,-41.798709,-40.275477
3.580000,0.208753,-1.029962,-57.592647,-5.033328,-18.085195
3.590000,0.129635,-0.492809,-56.645943,17.755572,-17.300925
3.600000,0.076015,-0.348156,-53.653312,30.848919,-6.722909
3.610000,0.033643,-0.222064,-49.387473,39.294605,0.932135
3.620000,0.020350,0.263019,-44.633745,38.528815,-17.990794
3.630000,0.042785,0.585772,-40.642987,27.807504,-41.201583
3.640000,0.065160,0.292197,-37.966939,18.418870,-35.373690
3.650000,0.064017,0.006809,-35.922296,16.717329,-21.985416
3.660000,0.072970,0.415550,-34.135190,12.244114,-44.525314
3.670000,0.124227,0.939727,-33.603371,-3.664871,-86.601317
3.680000,0.179896,0.591412,-35.098551,-18.870377,-89.119961
3.690000,0.175384,-0.382830,-37.324592,-15.290487,-42.055909
3.700000,0.105769,-0.933960,-37.890110,6.159319,6.905412
3.710000,0.014936,-0.894235,-35.544323,31.063534,35.133949
3.720000,-0.079098,-0.952890,-30.340948,54.070229,68.958043
3.730000,-0.187229,-1.177025,-22.306889,78.475624,115.209047
3.740000,-0.289883,-0.890681,-11.524527,98.489383,135.627310
3.750000,-0.339302,-0.053127,0.648411,101.142250,112.361820
3.760000,-0.326450,0.501249,11.943335,85.991723,81.643525
3.770000,-0.292113,0.415688,21.028722,66.605147,73.943337
3.780000,-0.262610,0.292375,28.006338,50.776726,69.806020
3.790000,-0.222514,0.529989,33.064962,33.689187,45.318927
3.800000,-0.161469,0.708664,35.801977,12.638839,16.710725
3.810000,-0.100238,0.517135,36.093596,-6.022051,5.536799
3.820000,-0.052654,0.348435,34.527800,-18.731662,-2.053692
3.830000,-0.003891,0.485267,31.555257,-30.387901,-24.336024
3.840000,0.051552,0.509113,27.123411,-42.589154,-43.526631
3.850000,0.086263,0.071376,21.609785,-47.488547,-34.098670
3.860000,0.078994,-0.421485,16.295223,-39.993394,-8.062505
3.870000,0.049204,-0.453817,12.314649,-27.075988,3.810834
3.880000,0.029453,-0.176726,9.663335,-18.499368,-2.297302
3.890000,0.027232,-0.001849,7.644625,-15.814144,-9.540989
3.900000,0.035326,0.089853,5.727136,-16.324787,-16.365375
3.910000,0.055594,0.276111,3.545984,-20.224146,-31.718300
3.920000,0.085677,0.336584,0.723484,-26.426460,-44.454191
3.930000,0.099534,-0.035058,-2.579188,-27.280881,-31.474526
3.940000,0.070051,-0.610791,-5.225484,-15.789693,5.564247
3.950000,0.004243,-0.866471,-5.858058,4.585286,39.661279
3.960000,-0.066060,-0.716511,-4.036632,23.854607,56.122115
3.970000,-0.124301,-0.558879,-0.254429,37.544826,68.111742
3.980000,-0.181136,-0.645538,5.009348,49.331456,91.066038
3.990000,-0.247799,-0.784563,11.776918,62.562752,119.759398
4.000000,-0.313725,-0.674927,20.070946,74.046426,136.533063
4.010000,-0.353870,-0.261004,29.248086,76.913024,130.415861
4.020000,-0.349534,0.275820,37.963287,66.896948,103.709459
4.030000,-0.300901,0.691194,44.721837,45.548348,68.000300
4.040000,-0.226481,0.813072,48.549595,19.394598,37.594081
4.050000,-0.153063,0.624554,49.387091,-3.468152,22.245895
4.060000,-0.102094,0.263558,48.019230,-17.391057,22.617542
4.070000,-0.080175,-0.068136,45.610531,-21.557906,31.385924
4.080000,-0.077840,-0.204840,43.119568,-19.767689,37.549962
4.090000,-0.076962,-0.111515,40.895974,-17.807437,33.370118
4.100000,-0.066277,0.032231,38.723557,-18.840346,23.507735
4.110000,-0.055181,-0.059493,36.386282,-19.831836,24.540553
4.120000,-0.066420,-0.430314,34.295210,-14.369242,46.127846
4.130000,-0.107344,-0.724144,33.374333,-1.171267,73.988826
4.140000,-0.153070,-0.563929,34.109845,11.811147,82.072398
4.150000,-0.166896,-0.018517,35.798319,14.270406,61.341370
4.160000,-0.134335,0.497959,36.916374,3.384041,26.442949
4.170000,-0.070931,0.698014,36.189046,-14.909794,-3.869328
4.180000,-0.004318,0.576701,33.280356,-31.984924,-20.095796
4.190000,0.041411,0.228894,28.781978,-41.205287,-18.650954
4.200000,0.053049,-0.187691,23.848602,-39.763396,-2.568012
4.210000,0.037119,-0.395299,19.614061,-30.749676,12.879584
4.220000,0.019102,-0.235719,16.497815,-22.228314,11.708226
4.230000,0.020307,0.066293,14.018588,-20.110723,-2.652485
4.240000,0.037512,0.177022,11.454503,-22.708001,-13.424363
4.250000,0.055856,0.124505,8.547637,-25.304302,-16.927949
4.260000,0.073813,0.168436,5.369912,-27.513952,-24.844219
4.270000,0.098861,0.292115,1.826124,-31.484315,-38.895334
4.280000,0.125166,0.234899,-2.221090,-35.328652,-44.891001
4.290000,0.136569,-0.007741,-6.464377,-34.506451,-37.214724
4.300000,0.129828,-0.163166,-10.270862,-28.677527,-27.600795
4.310000,0.114888,-0.176419,-13.246032,-21.220250,-21.976872
4.320000,0.093134,-0.272269,-15.269008,-12.671326,-10.257240
4.330000,0.056503,-0.471386,-16.072906,-0.878096,11.231412
4.340000,0.008769,-0.515113,-15.315341,12.684558,29.081399
4.350000,-0.034408,-0.366193,-13.074447,23.396833,36.308474
4.360000,-0.069012,-0.298092,-9.791639,30.495318,44.430401
4.370000,-0.103256,-0.347591,-5.732028,36.708769,57.948517
4.380000,-0.131259,-0.193821,-1.047891,40.425618,59.845783
4.390000,-0.133036,0.200278,3.621359,36.289397,41.710475
4.400000,-0.110786,0.349462,7.345435,25.890220,27.090276
4.410000,-0.099189,-0.023332,9.999945,19.756892,40.617629
4.420000,-0.122918,-0.480470,12.590132,24.285394,69.979382
4.430000,-0.164161,-0.489993,16.087702,33.160720,84.195286
4.440000,-0.189427,-0.160998,20.356410,36.471588,77.163343
4.450000,-0.189590,0.077273,24.528403,32.348539,66.009168
4.460000,-0.173478,0.191918,27.918238,24.125070,55.265166
4.470000,-0.138964,0.440849,30.067305,11.621807,32.126544
4.480000,-0.075852,0.791765,30.300437,-7.544926,-5.294609
4.490000,0.011842,0.980496,27.891972,-31.444668,-43.241323
4.500000,0.110954,1.032585,22.550002,-55.836125,-78.507734
4.510000,0.222099,1.217928,14.252844,-80.882460,-123.991488
4.520000,0.354524,1.503911,2.751915,-109.108979,-181.279726
4.530000,0.497832,1.513815,-12.188041,-137.161526,-229.224531
4.540000,0.619169,1.089949,-29.977310,-155.773515,-249.459096
4.550000,0.692902,0.515072,-49.034911,-158.835796,-246.744018
4.560000,0.718754,0.089150,-67.547209,-148.078844,-235.148832
4.570000,0.709086,-0.175914,-84.174683,-128.551144,-219.428839
4.580000,0.674609,-0.340618,-98.130420,-104.252396,-200.351640
4.590000,0.626989,-0.351672,-109.077524,-79.019099,-184.319624
4.600000,0.578564,-0.245994,-117.140345,-56.428876,-173.706073
4.610000,0.528423,-0.270313,-122.642274,-35.884584,-156.585698
4.620000,0.459403,-0.561396,-125.524935,-12.295883,-120.761400
4.630000,0.361153,-0.866216,-125.212124,16.866308,-74.634690
4.640000,0.251185,-0.812618,-121.328265,45.972679,-41.531343
4.650000,0.162064,-0.394900,-114.470238,65.850891,-32.585672
4.660000,0.107924,-0.006042,-106.004478,73.627362,-34.013475
4.670000,0.070378,-0.001211,-97.024571,75.911219,-22.920182
4.680000,0.017600,-0.360455,-87.568874,82.288998,10.440132
4.690000,-0.066916,-0.769022,-76.820639,96.895335,56.802813
4.700000,-0.171666,-0.897418,-64.002520,115.502382,96.825180
4.710000,-0.264518,-0.593544,-49.220478,128.575913,112.611799
4.720000,-0.311827,0.037779,-33.729517,127.277713,97.864499
4.730000,-0.301192,0.635920,-19.441148,109.798850,65.431680
4.740000,-0.255380,0.772426,-7.843563,84.457489,43.107028
4.750000,-0.220768,0.323121,0.996372,65.234168,52.253434
4.760000,-0.230956,-0.329022,8.445973,60.840777,86.085972
4.770000,-0.277042,-0.607157,16.117575,66.995087,114.468028
4.780000,-0.318280,-0.326760,24.493679,70.990296,115.051910
4.790000,-0.324718,0.123250,32.719331,64.696098,96.082759
4.800000,-0.305627,0.235233,39.713610,51.974385,84.535805
4.810000,-0.295420,-0.096514,45.357715,43.268201,96.909203
4.820000,-0.318846,-0.573182,50.606327,45.047360,127.429743
4.830000,-0.372308,-0.842252,56.639223,55.053071,158.294352
4.840000,-0.428216,-0.699541,63.919384,64.545528,170.653020
4.850000,-0.448182,-0.103243,71.697750,62.756802,149.707475
4.860000,-0.401291,0.745591,78.102479,42.284879,94.604786
4.870000,-0.287012,1.381465,80.932219,5.171469,27.090178
4.880000,-0.142875,1.407241,78.919985,-36.057532,-21.589583
4.890000,-0.019035,0.904546,72.525660,-66.815067,-38.502652
4.900000,0.058457,0.326015,63.482812,-81.019908,-36.263750
4.910000,0.095099,-0.034359,53.612033,-82.141708,-30.613017
4.920000,0.104910,-0.247080,44.125109,-75.598174,-23.002383
4.930000,0.094784,-0.420269,35.744920,-64.180230,-10.696318
4.940000,0.071472,-0.483524,28.911964,-50.353580,0.729259
4.950000,0.044852,-0.435021,23.719536,-37.175041,7.885798
4.960000,0.013778,-0.506267,20.076270,-24.209775,22.040862
4.970000,-0.037733,-0.818797,18.228626,-6.908831,54.264347
4.980000,-0.115607,-1.067636,18.826895,15.855273,92.221713
4.990000,-0.194336,-0.851389,22.093459,36.207386,108.531950
5.000000,-0.235711,-0.238132,27.049591,43.663604,93.637116
5.010000,-0.227586,0.280654,31.933316,36.342617,66.616240
5.020000,-0.192509,0.385729,35.429939,22.322674,50.067645
5.030000,-0.159216,0.220585,37.329036,10.435810,46.894152
5.040000,-0.138251,0.062789,38.110328,3.364920,47.571663
5.050000,-0.126696,-0.025433,38.275484,-0.266775,48.170206
5.060000,-0.121937,-0.103680,38.155470,-1.574244,50.590366
5.070000,-0.121844,-0.140059,37.979598,-1.426488,52.608039
5.080000,-0.121016,-0.095928,37.820712,-1.515998,50.595059
5.090000,-0.118557,-0.096049,37.614474,-2.047351,50.108490
5.100000,-0.125339,-0.283134,37.484454,0.117312,61.486842
5.110000,-0.151816,-0.533481,37.946689,7.598071,82.410985
5.120000,-0.188560,-0.536853,39.483552,17.084413,95.144848
5.130000,-0.209572,-0.205108,41.864010,21.007563,86.849646
5.140000,-0.198350,0.187647,44.112508,15.392370,64.901060
5.150000,-0.162228,0.366416,45.237392,3.431069,44.704860
5.160000,-0.116999,0.383169,44.817061,-9.717492,29.126764
5.170000,-0.067580,0.431122,42.839243,-22.565150,10.736416
5.180000,-0.012683,0.490778,39.310764,-35.505757,-9.998423
5.190000,0.041007,0.414635,34.317268,-46.619308,-23.930449
5.200000,0.085371,0.290319,28.227541,-53.838876,-32.476508
5.210000,0.129032,0.391871,21.371238,-60.080697,-51.412306
5.220000,0.190301,0.697441,13.521790,-70.612116,-85.852694
5.230000,0.265424,0.767213,4.187559,-83.814669,-113.885791
5.240000,0.319076,0.305309,-6.341441,-89.381270,-109.801564
5.250000,0.319163,-0.376431,-16.565332,-79.183695,-77.540550
5.260000,0.272970,-0.711694,-24.738097,-57.152899,-46.191171
5.270000,0.216917,-0.562839,-30.160687,-34.914416,-34.440493
5.280000,0.176227,-0.289978,-33.329034,-19.539210,-33.804161
5.290000,0.146639,-0.225496,-34.997401,-8.994152,-27.201419
5.300000,0.111021,-0.366419,-35.399306,2.092898,-9.002142
5.310000,0.058795,-0.570161,-34.256402,16.617757,17.651826
5.320000,-0.011558,-0.758350,-31.138676,34.606035,49.588129
5.330000,-0.094509,-0.850752,-25.741026,54.093842,81.191636
5.340000,-0.175832,-0.738426,-18.133649,70.883391,102.600744
5.350000,-0.237932,-0.444833,-8.945128,80.324705,109.059709
5.360000,-0.272609,-0.148167,0.814760,80.968018,106.236301
5.370000,-0.283250,0.056535,10.196973,74.778025,99.770252
5.380000,-0.272346,0.269779,18.491315,63.212451,85.806217
5.390000,-0.234945,0.572230,25.013394,45.470075,58.915520
5.400000,-0.168815,0.849095,29.004330,21.640286,23.751475
5.410000,-0.084068,0.942919,29.932458,-4.711942,-8.906367
5.420000,0.002737,0.854182,27.813173,-28.634198,-33.554165
5.430000,0.079169,0.676069,23.162407,-46.913063,-50.444001
5.440000,0.138240,0.450834,16.751820,-58.223760,-59.269550
5.450000,0.176642,0.218866,9.435760,-62.428369,-60.867878
5.460000,0.198718,0.099573,1.958644,-61.574023,-62.338054
5.470000,0.217262,0.164148,-5.328325,-59.850223,-71.328460
5.480000,0.241938,0.284025,-12.524498,-60.056994,-85.041276
5.490000,0.267070,0.241943,-19.781743,-60.339206,-91.368463
5.500000,0.274925,-0.034910,-26.798372,-55.679044,-80.957118
5.510000,0.249995,-0.437155,-32.714830,-42.283702,-53.771089
5.520000,0.189163,-0.794986,-36.457699,-20.291146,-16.767225
5.530000,0.104286,-0.941734,-37.241885,5.956168,18.242461
5.540000,0.019283,-0.774201,-35.003259,29.218211,38.415466
5.550000,-0.043921,-0.427081,-30.500279,43.676656,42.777598
5.560000,-0.088062,-0.304005,-24.746503,51.165114,51.250123
5.570000,-0.145764,-0.691260,-17.984660,61.713869,88.233524
5.580000,-0.248431,-1.322585,-9.251887,83.781124,151.735731
5.590000,-0.385924,-1.549025,2.680380,113.096676,207.867128
5.600000,-0.505631,-1.023900,17.734140,133.955235,222.741088
5.610000,-0.555692,-0.059867,33.957391,132.750107,193.740799
5.620000,-0.524160,0.757988,48.539298,108.708622,144.442879
5.630000,-0.436663,1.132139,59.313416,71.685365,97.480897
5.640000,-0.328235,1.132712,65.460477,33.010002,61.315379
5.650000,-0.223901,0.936237,67.277795,-0.107593,36.001324
5.660000,-0.135008,0.697105,65.625268,-25.122897,18.024524
5.670000,-0.060284,0.552715,61.418171,-43.333005,0.440237
5.680000,0.007733,0.515102,55.291469,-57.611316,-19.868961
5.690000,0.068354,0.400430,47.670421,-68.176675,-34.079956
5.700000,0.107724,0.080156,39.204638,-71.521910,-31.552561
5.710000,0.117783,-0.226160,30.894112,-66.229100,-19.935267
5.720000,0.117180,-0.148734,23.439009,-58.592922,-22.864226
5.730000,0.139581,0.316090,16.492554,-58.366707,-51.781982
5.740000,0.198089,0.731069,8.904437,-68.331088,-90.511688
5.750000,0.272063,0.749139,-0.161029,-81.457984,-115.812098
5.760000,0.333484,0.506275,-10.528837,-89.516235,-124.684272
5.770000,0.376507,0.363095,-21.458697,-91.493332,-132.133082
5.780000,0.415509,0.450181,-32.502637,-92.150170,-149.132131
5.790000,0.463460,0.626536,-43.771345,-95.266567,-173.410425
5.800000,0.519670,0.716703,-55.560245,-100.340615,-196.491800
5.810000,0.570654,0.598796,-67.866156,-103.329898,-208.136305
5.820000,0.594239,0.198491,-80.062749,-98.208911,-197.447620
5.830000,0.569781,-0.387594,-90.841082,-80.093295,-162.087083
5.840000,0.495070,-0.857723,-98.640202,-49.880888,-115.524404
5.850000,0.390357,-0.999172,-102.424055,-14.683168,-74.551220
5.860000,0.279089,-0.930846,-102.074785,18.348147,-41.420788
5.870000,0.170925,-0.855882,-98.046532,46.768952,-9.784387
5.880000,0.071592,-0.700319,-90.951157,69.473434,15.025345
5.890000,-0.001468,-0.282243,-81.720504,82.161028,18.687086
5.900000,-0.031436,0.242721,-71.818954,81.249639,2.940934
5.910000,-0.027862,0.460732,-62.680265,71.038995,-9.522431
5.920000,-0.022657,0.253479,-54.795522,61.592475,-2.434365
5.930000,-0.037410,-0.056007,-47.630900,58.853873,16.254764
5.940000,-0.068312,-0.192091,-40.450725,60.944200,32.293336
5.950000,-0.105335,-0.248521,-32.907439,64.507859,46.701969
5.960000,-0.150070,-0.397484,-24.834718,69.855668,68.090217
5.970000,-0.207816,-0.582211,-15.924653,78.269518,95.562799
5.980000,-0.276120,-0.688360,-5.855604,88.691744,122.924272
5.990000,-0.350078,-0.758056,5.503390,99.520021,150.510183
6.000000,-0.426888,-0.805547,18.145183,109.921140,178.060513
6.010000,-0.495036,-0.644948,31.843946,116.666900,193.009638
6.020000,-0.530308,-0.166830,45.764746,113.327788,182.142370
6.030000,-0.515896,0.386474,58.420511,96.348313,151.255232
6.040000,-0.459535,0.705005,68.356896,69.503652,117.537213
6.050000,-0.378873,0.841916,74.788020,38.873810,84.421018
6.060000,-0.277566,1.056664,77.395686,5.874095,40.938311
6.070000,-0.151689,1.308295,75.832595,-30.325795,-12.326491
6.080000,-0.015965,1.250646,69.944873,-65.155373,-54.221563
6.090000,0.095700,0.770873,60.484029,-89.194033,-68.147335
6.100000,0.162140,0.228565,49.115284,-97.757309,-63.979703
6.110000,0.195530,0.023143,37.434047,-96.093189,-64.630241
6.120000,0.222567,0.122388,26.105278,-92.875424,-77.572103
6.130000,0.252263,0.171376,15.080399,-90.759222,-89.166541
6.140000,0.269487,-0.051637,4.472531,-85.318726,-83.932851
6.150000,0.256096,-0.429158,-4.992291,-71.836486,-61.323296
6.160000,0.211579,-0.688662,-12.349040,-51.124790,-33.985195
6.170000,0.154043,-0.669390,-17.081931,-29.130871,-15.537682
6.180000,0.105828,-0.423870,-19.460749,-12.287693,-10.975062
6.190000,0.077846,-0.154861,-20.300158,-3.053761,-14.386486
6.200000,0.062904,-0.073834,-20.365061,1.493988,-13.388574
6.210000,0.042117,-0.244992,-19.852392,7.217400,1.381577
6.220000,0.001940,-0.497918,-18.353660,17.771788,26.458891
6.230000,-0.049534,-0.519917,-15.416548,30.276824,44.444248
6.240000,-0.083466,-0.139124,-11.315625,36.355571,37.622526
6.250000,-0.074287,0.430910,-7.278625,29.564643,7.498912
6.260000,-0.027709,0.714215,-4.737461,13.050198,-21.614396
6.270000,0.018848,0.448379,-4.155611,-1.498852,-24.845056
6.280000,0.029772,-0.102264,-4.618498,-4.312955,-2.706869
6.290000,0.004040,-0.425207,-4.694036,3.482026,21.022240
6.300000,-0.029643,-0.322172,-3.671261,12.564246,27.382422
6.310000,-0.046946,-0.056897,-1.891897,15.975814,20.612073
6.320000,-0.049582,0.033295,-0.023013,14.897528,17.150161
6.330000,-0.055529,-0.115983,1.744006,14.914706,26.058511
6.340000,-0.078980,-0.366156,3.814742,19.879306,45.576779
6.350000,-0.122223,-0.576970,6.814060,29.852799,69.867041
6.360000,-0.175997,-0.625564,11.160874,41.638207,90.047867
6.370000,-0.220422,-0.399914,16.717723,49.408994,94.210779
6.380000,-0.232767,0.060796,22.610805,47.219214,76.615884
6.390000,-0.203616,0.509763,27.500906,33.583846,45.745611
6.400000,-0.144856,0.709546,30.269703,13.186976,16.767071
6.410000,-0.078775,0.647523,30.555623,-6.923111,-2.254806
6.420000,-0.022265,0.459069,28.720758,-22.041359,-12.044589
6.430000,0.017436,0.243199,25.477439,-30.708256,-14.869411
6.440000,0.039811,0.058985,21.574066,-33.517405,-13.372157
6.450000,0.050988,-0.009781,17.575458,-32.871868,-13.569901
6.460000,0.061734,0.058507,13.679916,-32.200232,-20.097544
6.470000,0.077157,0.124482,9.773810,-32.920928,-28.121976
6.480000,0.088328,0.008541,5.831634,-32.330041,-26.218358
6.490000,0.078505,-0.304147,2.303754,-25.855122,-8.092985
6.500000,0.038111,-0.650308,0.057462,-11.490688,21.772176
6.510000,-0.026694,-0.837370,-0.094305,8.102518,52.251856
6.520000,-0.096764,-0.760065,2.109677,26.919510,71.991449
6.530000,-0.150431,-0.461725,6.180678,38.948621,75.797484
6.540000,-0.177830,-0.157583,11.135719,42.213213,70.518751
6.550000,-0.189759,-0.099477,16.137849,40.789921,71.638795
6.560000,-0.208266,-0.308921,21.054567,41.425244,87.568547
6.570000,-0.243285,-0.509572,26.346321,46.639271,108.652204
6.580000,-0.280331,-0.416299,32.315747,51.783444,116.639686
6.590000,-0.293705,-0.032003,38.487094,49.624334,103.072206
6.600000,-0.268765,0.409650,43.728632,36.900904,74.051815
6.610000,-0.209624,0.707950,46.886494,16.000662,40.416184
6.620000,-0.130792,0.817723,47.292068,-8.054419,9.161921
6.630000,-0.046125,0.800917,44.850574,-31.013188,-17.991700
6.640000,0.037592,0.762306,39.826492,-51.104215,-43.721700
6.650000,0.121122,0.776466,32.542148,-68.878679,-71.820337
6.660000,0.206193,0.802739,23.220472,-85.078235,-100.988981
6.670000,0.287644,0.729937,12.113977,-98.407053,-124.306799
6.680000,0.355402,0.545081,-0.272197,-106.348349,-137.821883
6.690000,0.404308,0.359906,-13.216450,-108.075900,-145.087677
6.700000,0.436180,0.227532,-26.040498,-104.813426,-149.239173
6.710000,0.451031,0.064230,-38.194654,-97.114619,-146.372239
6.720000,0.443607,-0.176705,-49.089554,-83.992605,-132.549974
6.730000,0.412366,-0.385549,-58.065051,-65.644894,-112.419166
6.740000,0.366625,-0.430696,-64.676989,-45.310442,-95.281200
6.750000,0.322216,-0.290201,-68.984499,-27.680306,-87.452809
6.760000,0.294619,0.002765,-71.579960,-16.805626,-92.523468
6.770000,0.294887,0.379258,-73.439494,-15.026698,-110.909420
6.780000,0.321492,0.638040,-75.597567,-20.849903,-132.603266
6.790000,0.353489,0.549200,-78.571760,-27.475088,-139.771359
6.800000,0.363613,0.177791,-81.945780,-27.138206,-126.343729
6.810000,0.344548,-0.108517,-84.737055,-18.627226,-107.164781
6.820000,0.313109,-0.106242,-86.292699,-7.639958,-97.446559
6.830000,0.283676,-0.036310,-86.631606,1.528900,-91.632764
6.840000,0.249569,-0.164352,-85.882664,11.012044,-75.000705
6.850000,0.198278,-0.399457,-83.766998,24.283536,-47.621747
6.860000,0.131755,-0.512986,-79.852588,40.326220,-20.885675
6.870000,0.059242,-0.537273,-73.999352,56.226894,3.634233
6.880000,-0.018997,-0.636151,-66.255486,71.954638,33.556988
6.890000,-0.105260,-0.735497,-56.585619,88.163752,66.190367
6.900000,-0.188807,-0.626834,-45.094818,101.736842,88.168734
6.910000,-0.253405,-0.364730,-32.385191,108.406817,96.648699
6.920000,-0.298800,-0.236170,-19.290290,108.930234,105.056647
6.930000,-0.341245,-0.349053,-6.227500,108.600865,123.928568
6.940000,-0.392967,-0.525833,6.959419,110.930822,149.026516
6.950000,-0.451618,-0.601245,20.556473,114.928935,171.794261
6.960000,-0.508435,-0.575934,34.592836,117.937536,189.324019
6.970000,-0.555626,-0.474598,48.810810,117.877044,200.174640
6.980000,-0.585966,-0.292418,62.732815,113.057092,201.715991
6.990000,-0.595819,-0.106543,75.741444,103.004404,196.370752
7.000000,-0.590318,-0.032843,87.318574,89.776920,191.310278
7.010000,-0.577684,-0.037794,97.260186,76.044968,187.713592
7.020000,-0.557079,0.042982,105.521538,61.602200,177.571900
7.030000,-0.518024,0.278507,111.842883,43.564248,154.125081
7.040000,-0.452829,0.554862,115.658012,20.190653,120.145026
7.050000,-0.366878,0.694346,116.430800,-6.367419,85.776069
7.060000,-0.278686,0.574718,114.116521,-30.510748,62.939739
7.070000,-0.210592,0.223894,109.398552,-46.220860,57.763408
7.080000,-0.171303,-0.095040,103.432776,-52.041881,60.751614
7.090000,-0.142821,-0.046656,97.066435,-54.220150,50.079740
7.100000,-0.093879,0.362921,90.141314,-61.977762,15.549596
7.110000,-0.013871,0.701938,81.760172,-77.598840,-26.101845
7.120000,0.075293,0.643628,71.376696,-93.964579,-52.180198
7.130000,0.148541,0.392332,59.397086,-103.959459,-63.898250
7.140000,0.207117,0.336442,46.584571,-108.719669,-79.944780
7.150000,0.268244,0.494841,33.220566,-113.693715,-107.002034
7.160000,0.338829,0.631346,19.114934,-120.763530,-136.299149
7.170000,0.414698,0.700105,4.098691,-128.508041,-164.282646
7.180000,0.492396,0.754726,-11.832697,-135.886101,-192.315653
7.190000,0.560128,0.587125,-28.458814,-139.579597,-206.692533
7.200000,0.586936,-0.025814,-44.837982,-131.242949,-186.601880
7.210000,0.547960,-0.777739,-59.105688,-105.282177,-138.154259
7.220000,0.459347,-1.072187,-69.461358,-68.342693,-94.812625
7.230000,0.364546,-0.837763,-75.441150,-33.922525,-74.485104
7.240000,0.285977,-0.585286,-77.823514,-7.969708,-60.648377
7.250000,0.214137,-0.576971,-77.436396,13.195284,-37.740793
7.260000,0.144795,-0.492328,-74.688903,31.250526,-19.340760
7.270000,0.097034,-0.099312,-70.239739,41.129647,-22.690561
7.280000,0.083843,0.293873,-65.301503,40.148599,-37.618145
7.290000,0.090911,0.372188,-60.894993,33.621789,-44.491548
7.300000,0.101406,0.343130,-57.305815,26.884029,-47.395330
7.310000,0.122567,0.547511,-54.631789,17.861609,-64.755052
7.320000,0.169522,0.879811,-53.424609,2.567977,-96.679109
7.330000,0.236259,0.987779,-54.344142,-16.533543,-124.606370
7.340000,0.299366,0.798079,-57.407950,-32.401905,-137.260156
7.350000,0.339971,0.473314,-61.880061,-40.111252,-135.990209
7.360000,0.347294,0.058312,-66.634704,-37.553433,-119.343537
7.370000,0.312581,-0.442495,-70.351212,-23.423061,-84.649210
7.380000,0.239885,-0.777887,-71.752043,-0.213550,-45.099636
7.390000,0.158456,-0.642499,-70.290430,22.753493,-24.838677
7.400000,0.104986,-0.141967,-66.678563,35.182787,-31.161925
7.410000,0.089284,0.243369,-62.367334,35.582271,-44.738802
7.420000,0.087066,0.196794,-58.328580,32.208869,-42.513480
7.430000,0.068330,-0.132130,-54.417602,33.918744,-21.448688
7.440000,0.026396,-0.368573,-49.874513,41.955801,3.072835
7.450000,-0.020242,-0.292105,-44.282854,50.355400,14.490698
7.460000,-0.047579,0.025223,-38.050336,52.324162,8.159790
7.470000,-0.046573,0.324208,-32.112418,46.084453,-6.745358
7.480000,-0.029401,0.375649,-27.214583,36.034742,-15.356128
7.490000,-0.019113,0.148301,-23.373723,29.107722,-8.482159
7.500000,-0.034300,-0.229302,-19.877032,30.167171,14.040562
7.510000,-0.082191,-0.619944,-15.666865,40.324095,48.150043
7.520000,-0.157592,-0.881106,-9.784781,57.062459,85.382281
7.530000,-0.238810,-0.798344,-1.844559,73.487585,108.394628
7.540000,-0.290701,-0.279912,7.495125,79.715185,101.138008
7.550000,-0.289690,0.353127,16.598273,70.308666,70.850976
7.560000,-0.250264,0.574365,23.871458,51.207833,47.160577
7.570000,-0.212996,0.280588,28.938862,34.960088,48.519234
7.580000,-0.200224,-0.051937,32.609835,27.457386,60.015548
7.590000,-0.195307,0.008157,35.643245,22.948915,55.779521
7.600000,-0.170624,0.336170,37.853672,13.333501,32.398372
7.610000,-0.121553,0.546465,38.513914,-2.047988,6.441757
7.620000,-0.064951,0.502813,37.255222,-17.769929,-10.041499
7.630000,-0.020070,0.274327,34.400641,-28.379571,-13.867090
7.640000,-0.003693,-0.132887,30.834087,-29.726101,0.256912
7.650000,-0.028624,-0.639580,27.849009,-19.261897,32.846271
7.660000,-0.087144,-0.892989,26.700348,-0.557128,64.710731
7.670000,-0.144101,-0.622405,27.726636,15.503700,71.356560
7.680000,-0.167063,-0.114786,29.990687,20.128202,55.429416
7.690000,-0.161957,0.060509,32.210970,16.376031,45.701140
7.700000,-0.161997,-0.198720,34.027410,14.571667,58.124691
7.710000,-0.181645,-0.411030,36.005062,18.488466,74.930635
7.720000,-0.198650,-0.197814,38.450293,21.144853,70.875957
7.730000,-0.185459,0.241778,40.685550,14.952086,46.095240
7.740000,-0.143287,0.466187,41.657445,1.328757,21.760248
7.750000,-0.097160,0.340983,40.958041,-11.810013,12.579602
7.760000,-0.067437,0.082225,39.048850,-18.817650,15.209709
7.770000,-0.055256,-0.077718,36.682883,-20.106022,19.085019
7.780000,-0.049872,-0.081657,34.320823,-19.359332,17.893942
7.790000,-0.040268,0.021901,31.984076,-19.903602,10.216941
7.800000,-0.019761,0.175636,29.395325,-23.467130,-3.486820
7.810000,0.013049,0.314521,26.176683,-30.091380,-20.620752
7.820000,0.053103,0.359741,22.060591,-37.991378,-35.783776
7.830000,0.091453,0.298132,17.063146,-44.498937,-45.364945
7.840000,0.125529,0.274342,11.412887,-49.071541,-55.307257
7.850000,0.168583,0.497721,5.122876,-55.697838,-79.886498
7.860000,0.241042,0.944748,-2.414858,-69.897638,-124.830863
7.870000,0.343699,1.227980,-12.137170,-90.972544,-172.196510
7.880000,0.443206,0.959781,-24.281015,-108.680791,-192.614097
7.890000,0.495914,0.251159,-37.653404,-111.120837,-176.721429
7.900000,0.487627,-0.369101,-50.180369,-96.107693,-144.667708
7.910000,0.440338,-0.581169,-60.234353,-71.867052,-118.899182
7.920000,0.379712,-0.582203,-67.271988,-46.641712,-98.772430
7.930000,0.309557,-0.683460,-71.303349,-21.563848,-70.929436
7.940000,0.222216,-0.880418,-72.204249,5.539320,-32.991183
7.950000,0.118603,-0.999194,-69.731961,34.151055,6.594534
7.960000,0.007919,-1.007796,-63.877039,61.501314,43.269730
7.970000,-0.100769,-0.939180,-54.951765,85.182475,75.582938
7.980000,-0.196238,-0.727372,-43.563121,102.434476,96.725743
7.990000,-0.265896,-0.397405,-30.670639,110.439377,103.710486
8.000000,-0.311392,-0.218865,-17.335147,110.752878,109.798612
8.010000,-0.352635,-0.345500,-4.090004,109.880471,128.908328
8.020000,-0.400506,-0.460148,9.182615,110.969101,149.799572
8.030000,-0.433724,-0.148906,22.387600,107.729705,145.912807
8.040000,-0.421093,0.459157,34.446089,91.881911,112.882676
8.050000,-0.363246,0.807552,43.849296,65.124520,77.087971
8.060000,-0.294809,0.646847,49.950766,38.491928,61.851780
8.070000,-0.245788,0.288225,53.362568,20.373694,62.580339
8.080000,-0.216944,0.098729,55.122828,9.960348,62.236204
8.090000,-0.193573,0.102317,55.838702,2.233328,54.721535
8.100000,-0.165913,0.166859,55.613512,-5.839741,42.947614
8.110000,-0.130847,0.252391,54.344429,-15.090363,27.740733
8.120000,-0.088538,0.322125,51.894747,-25.333290,10.877946
8.130000,-0.045768,0.271302,48.257555,-34.527035,-0.459853
8.140000,-0.012714,0.115735,43.739002,-39.924689,-3.624133
8.150000,0.010787,0.056625,38.799248,-42.035371,-8.138422
8.160000,0.038353,0.208440,33.581489,-45.087445,-23.951953
8.170000,0.081123,0.423698,27.751482,-52.088507,-47.868584
8.180000,0.135747,0.517872,20.892209,-61.616444,-70.092501
8.190000,0.192893,0.516725,12.891900,-70.759898,-88.706208
8.200000,0.250017,0.544553,3.861132,-78.866372,-108.703680
8.210000,0.308814,0.592455,-6.115476,-86.528849,-130.247728
8.220000,0.364739,0.539127,-16.925906,-92.495810,-146.133432
8.230000,0.405676,0.326190,-28.168183,-93.534503,-149.580188
8.240000,0.419774,0.008085,-39.060416,-86.871849,-139.203201
8.250000,0.402341,-0.310874,-48.628718,-72.073433,-118.359478
8.260000,0.358568,-0.515115,-56.027818,-51.542547,-94.237092
8.270000,0.302428,-0.525185,-60.849770,-29.878555,-75.248056
8.280000,0.249096,-0.389302,-63.250109,-11.478675,-64.189929
8.290000,0.203507,-0.285967,-63.717331,2.665358,-54.298433
8.300000,0.156314,-0.366679,-62.587786,15.693556,-35.297078
8.310000,0.093739,-0.596684,-59.730584,31.608944,-4.185182
8.320000,0.013305,-0.766271,-54.738167,50.746805,30.025030
8.330000,-0.069190,-0.667792,-47.497820,68.254681,52.303405
8.340000,-0.130001,-0.310169,-38.626724,77.626901,55.149482
8.350000,-0.159277,0.022333,-29.271764,77.054985,48.660538
8.360000,-0.173330,0.020769,-20.312792,72.311835,52.846609
8.370000,-0.198611,-0.266439,-11.731969,71.315319,74.303887
8.380000,-0.239386,-0.410962,-2.955413,74.771079,94.334210
8.390000,-0.267411,-0.084841,6.062178,74.161136,88.071952
8.400000,-0.249837,0.535980,14.233641,60.717604,52.800603
8.410000,-0.182451,0.994838,19.953583,34.781616,8.595388
8.420000,-0.089331,1.078941,22.211004,4.588200,-26.460422
8.430000,0.003473,0.934207,21.022436,-22.064408,-50.508462
8.440000,0.083839,0.746418,17.039415,-42.190976,-68.259109
8.450000,0.148124,0.547049,11.070583,-55.507895,-80.027178
8.460000,0.192910,0.312316,3.943469,-61.816321,-83.601021
8.470000,0.213625,0.032888,-3.468362,-60.619099,-77.056580
8.480000,0.204228,-0.317932,-10.211055,-51.057308,-57.155757
8.490000,0.159903,-0.698507,-15.244102,-32.726665,-24.273769
8.500000,0.087226,-0.915051,-17.662441,-8.505382,10.267273
8.510000,0.006795,-0.843255,-17.153044,15.114471,33.735291
8.520000,-0.065734,-0.693616,-14.103766,33.824026,50.799595
8.530000,-0.137570,-0.774282,-8.990311,50.261278,78.381633
8.540000,-0.222535,-0.974591,-1.798716,68.559174,115.943214
8.550000,-0.306148,-0.797654,7.502920,84.341580,135.325648
8.560000,-0.343627,-0.019992,17.853968,85.234102,111.081105
8.570000,-0.301669,0.935180,26.893521,63.607046,52.006066
8.580000,-0.194325,1.431360,32.222806,26.074736,-7.228216
8.590000,-0.071909,1.249618,32.920896,-11.348213,-39.465801
8.600000,0.019632,0.684091,29.884938,-35.774401,-43.175822
8.610000,0.066978,0.190998,24.903130,-44.996675,-35.408842
8.620000,0.088318,0.052618,19.410898,-45.906416,-35.589980
8.630000,0.110996,0.215631,13.841285,-47.139982,-50.412392
8.640000,0.144011,0.329343,7.934282,-51.137616,-66.427579
8.650000,0.167029,0.065128,1.691444,-51.800072,-61.394329
8.660000,0.150288,-0.503326,-3.956267,-41.130007,-28.828356
8.670000,0.087856,-0.938875,-7.545300,-18.811617,12.690393
8.680000,0.007109,-0.910050,-8.199935,6.067352,38.406610
8.690000,-0.055190,-0.504431,-6.313726,22.870820,40.139991
8.700000,-0.081236,-0.058208,-3.180044,27.550910,27.771951
8.710000,-0.078990,0.163913,-0.069288,23.766428,16.459629
8.720000,-0.070468,0.095069,2.450780,18.689699,16.749364
8.730000,-0.074587,-0.132904,4.600515,17.775653,28.785707
8.740000,-0.092641,-0.254368,6.919126,20.873318,40.510692
8.750000,-0.107581,-0.104965,9.577912,22.696276,38.485775
8.760000,-0.103193,0.160438,12.111562,18.846191,24.562239
8.770000,-0.083738,0.239662,13.904852,11.216668,14.374604
8.780000,-0.068526,0.067209,14.870464,5.687306,17.470256
8.790000,-0.070956,-0.174563,15.520436,5.766456,29.757997
8.800000,-0.092902,-0.387936,16.539418,11.331200,47.248723
8.810000,-0.133857,-0.603931,18.533182,21.623917,71.206170
8.820000,-0.187826,-0.692464,21.949528,34.398256,93.504604
8.830000,-0.231635,-0.412372,26.688749,42.801731,95.069610
8.840000,-0.237625,0.128765,31.735540,39.551971,71.725260
8.850000,-0.206624,0.427370,35.702013,26.285254,47.441537
8.860000,-0.173692,0.187714,38.043050,14.064597,47.870265
8.870000,-0.173278,-0.325266,39.548300,12.435121,72.086762
8.880000,-0.210237,-0.700581,41.573101,21.498030,102.368346
8.890000,-0.267465,-0.816429,45.035901,35.203676,127.227394
8.900000,-0.322646,-0.678164,50.055006,46.738740,139.436514
8.910000,-0.349879,-0.223445,55.924804,49.038818,127.424988
8.920000,-0.327598,0.401815,61.184301,37.095065,90.873907
8.930000,-0.262577,0.733596,64.267401,14.505701,53.890697
8.940000,-0.191086,0.546734,64.591644,-7.265861,39.213243
8.950000,-0.139529,0.240559,62.797051,-20.938360,36.907387
8.960000,-0.097035,0.274797,59.679054,-30.568456,21.699882
8.970000,-0.041778,0.505636,55.272745,-42.739229,-6.995724
8.980000,0.024358,0.549535,49.259628,-56.567049,-30.546814
8.990000,0.091152,0.535722,41.659896,-69.005558,-51.603679
9.000000,0.173234,0.874640,32.433792,-84.404053,-94.347490
9.010000,0.292064,1.380896,20.824298,-108.443469,-157.259391
9.020000,0.425436,1.304807,6.130470,-133.761298,-197.700621
9.030000,0.508135,0.369357,-10.653570,-141.786827,-180.862142
9.040000,0.495219,-0.770012,-26.644369,-121.921477,-122.565007
9.050000,0.405734,-1.315146,-38.899392,-82.820894,-66.767781
9.060000,0.296541,-1.146941,-46.257379,-42.704901,-38.148178
9.070000,0.212124,-0.651086,-49.477179,-14.160003,-33.452305
9.080000,0.167540,-0.148749,-50.194382,-0.067556,-42.552571
9.090000,0.157033,0.188525,-49.966658,2.856819,-55.379621
9.100000,0.159424,0.195454,-49.699104,1.871802,-57.025932
9.110000,0.147298,-0.107617,-49.331409,5.141865,-39.251301
9.120000,0.112040,-0.339180,-48.160891,14.548972,-17.097533
9.130000,0.078727,-0.109618,-45.883589,22.265461,-17.267042
9.140000,0.083346,0.485329,-43.361341,18.357516,-47.292850
9.150000,0.135394,0.967276,-42.162366,1.544229,-87.843576
9.160000,0.210892,1.031625,-43.361504,-19.906020,-116.548374
9.170000,0.277918,0.774155,-46.886518,-36.488756,-127.217903
9.180000,0.317072,0.393824,-51.800952,-43.320530,-122.741157
9.190000,0.319318,-0.047685,-56.827910,-38.967364,-103.047246
9.200000,0.282196,-0.468889,-60.644334,-24.014345,-71.190714
9.210000,0.219647,-0.608723,-62.260833,-3.633162,-44.129476
9.220000,0.165858,-0.273453,-61.652246,11.894703,-42.404708
9.230000,0.151813,0.302288,-59.970248,14.426268,-65.330260
9.240000,0.173289,0.575422,-58.699326,6.712650,-85.932570
9.250000,0.191252,0.271605,-58.334280,0.958784,-78.225884
9.260000,0.170447,-0.294426,-57.958857,6.824904,-45.200112
9.270000,0.112815,-0.596345,-56.205236,22.360720,-12.263176
9.280000,0.048039,-0.487990,-52.495057,38.083473,3.757067
9.290000,-0.001987,-0.261846,-47.254761,47.850985,9.276475
9.300000,-0.040231,-0.207096,-41.152359,53.221775,18.903137
9.310000,-0.081645,-0.337516,-34.414987,58.908525,38.316031
9.320000,-0.136763,-0.542203,-26.796244,67.825161,65.839590
9.330000,-0.208577,-0.749025,-17.864052,80.437222,99.081602
9.340000,-0.292747,-0.866304,-7.263685,95.087703,132.279969
9.350000,-0.375699,-0.782726,5.007722,107.701958,155.671863
9.360000,-0.440722,-0.528394,18.411234,113.805357,165.100373
9.370000,-0.479715,-0.260644,32.036954,111.877675,165.278709
9.380000,-0.493183,-0.030848,44.977434,102.977376,158.825239
9.390000,-0.481347,0.213467,56.457202,87.946793,143.377214
9.400000,-0.449119,0.343096,65.850235,68.885495,126.657467
9.410000,-0.420135,0.085627,73.084013,52.956492,129.361365
9.420000,-0.425826,-0.492864,79.095182,48.652581,158.872463
9.430000,-0.470106,-0.873682,85.357057,55.674692,192.089104
9.440000,-0.519472,-0.705941,92.600227,63.241282,201.276850
9.450000,-0.539219,-0.260717,100.208996,61.556622,187.548587
9.460000,-0.526310,0.012179,107.005871,50.887236,171.046255
9.470000,-0.496112,0.092574,112.251038,36.582709,157.894096
9.480000,-0.454165,0.210124,115.672962,20.576509,139.169964
9.490000,-0.398976,0.336368,117.046820,2.646101,115.701657
9.500000,-0.338346,0.305724,116.268279,-14.764594,97.861185
9.510000,-0.280033,0.251683,113.559413,-29.549611,81.958418
9.520000,-0.214315,0.428996,109.082978,-44.788336,52.752836
9.530000,-0.128211,0.700944,102.527753,-64.064600,12.302204
9.540000,-0.032064,0.694276,93.561527,-83.942355,-18.411382
9.550000,0.049741,0.420035,82.561170,-97.483583,-31.763419
9.560000,0.110871,0.247360,70.420507,-103.681895,-43.007035
9.570000,0.163437,0.263447,57.763840,-106.794961,-60.332312
9.580000,0.209177,0.178938,44.859005,-107.612163,-70.758269
9.590000,0.236092,-0.065468,32.173740,-103.001213,-67.497073
9.600000,0.246097,-0.138530,20.343208,-94.172249,-66.759366
9.610000,0.259344,0.068798,9.496400,-87.299476,-80.418673
9.620000,0.282263,0.181520,-0.768339,-83.910645,-93.007922
9.630000,0.295105,-0.043745,-10.526744,-78.004642,-86.470289
9.640000,0.284399,-0.280199,-19.193496,-66.126066,-71.642318
9.650000,0.268215,-0.136040,-26.355262,-54.109332,-72.978811
9.660000,0.273392,0.251343,-32.507669,-49.510039,-93.000063
9.670000,0.302293,0.479068,-38.600491,-52.087289,-113.542801
9.680000,0.337806,0.467867,-45.147214,-56.194641,-125.124626
9.690000,0.369573,0.429749,-52.096410,-58.775617,-134.225121
9.700000,0.398887,0.443878,-59.285680,-60.380317,-145.002496
9.710000,0.425806,0.422428,-66.620737,-61.121004,-153.360886
9.720000,0.448189,0.387470,-73.961217,-60.495456,-159.623949
9.730000,0.470497,0.456075,-81.213920,-59.935036,-170.785134
9.740000,0.499611,0.583983,-88.518929,-61.364370,-187.068818
9.750000,0.531465,0.580191,-96.059668,-63.379775,-198.139175
9.760000,0.551531,0.383312,-103.648592,-61.810792,-196.251599
9.770000,0.550382,0.151164,-110.682128,-54.432572,-185.674210
9.780000,0.533807,0.071955,-116.576711,-43.565367,-177.200026
9.790000,0.517170,0.187175,-121.210099,-33.940812,-177.924384
9.800000,0.511493,0.366711,-124.945101,-28.502700,-185.411687
9.810000,0.512328,0.393127,-128.210812,-25.487648,-187.939477
9.820000,0.500741,0.145820,-130.957031,-19.265220,-173.493516
9.830000,0.459408,-0.238836,-132.482662,-5.339633,-142.686649
9.840000,0.389551,-0.484678,-131.891828,15.026393,-108.914987
9.850000,0.307945,-0.496352,-128.744824,36.361297,-82.279200
9.860000,0.227271,-0.443540,-123.191043,55.009700,-59.041602
9.870000,0.145707,-0.496398,-115.529330,71.817323,-30.571718
9.880000,0.055793,-0.635032,-105.828149,89.090271,4.720498
9.890000,-0.044141,-0.752375,-93.985762,107.228004,42.384486
9.900000,-0.146795,-0.748652,-80.019682,124.058285,75.308588
9.910000,-0.234039,-0.485237,-64.383480,134.595282,90.942010
9.920000,-0.279144,0.098189,-48.264239,132.007441,77.551012
9.930000,-0.266457,0.723839,-33.477629,113.414706,42.999668
9.940000,-0.214903,0.908886,-21.571142,86.042105,16.345857
9.950000,-0.169412,0.520594,-12.743241,63.566731,18.871478
9.960000,-0.167819,-0.166663,-5.706039,56.051763,50.310514
9.970000,-0.200062,-0.379919,1.179604,58.838876,70.927528
9.980000,-0.230914,-0.221739,8.419994,60.854245,73.695640
9.990000,-0.242371,0.012471,15.550157,57.161091,66.459216
10.000000,-0.237000,0.125368,21.937875,49.161994,59.365378
